{"vertexNormals":[],"vertexUVs":[],"vertexPositions":[0.6666667,0.08333337,1.666667,4.333333,0.08333337,1.666667,4,0.08333337,0.6666667,0.6666667,0.08333337,0.6666667,9.333334,0.08333337,0.6666667,6.166667,0.08333337,0.6666667,6.166667,0.08333337,1.166667,9.333334,0.08333337,1.666667,5.666667,0.08333337,1.666667,9.333334,0.08333337,1.666667,6.166667,0.08333337,1.166667,7.666667,0.08333337,4,9.333334,0.08333337,4,9.333334,0.08333337,1.666667,7.666667,0.08333337,4,9.333334,0.08333337,1.666667,5.666667,0.08333337,1.666667,6.166667,0.08333337,4,0.6666667,0.08333337,4,6.166667,0.08333337,4,4.333333,0.08333337,1.666667,0.6666667,0.08333337,1.666667,6.166667,0.08333337,4,5.666667,0.08333337,1.666667,4.333333,0.08333337,1.666667,0.6666667,0.08333337,4,0.6666667,0.08333337,5.833333,2,0.08333337,5.833333,3.5,0.08333337,5.833333,5.833333,0.08333337,5.833333,5.833333,0.08333337,4.333333,3.5,0.08333337,5.833333,5.833333,0.08333337,4.333333,6.166667,0.08333337,4,0.6666667,0.08333337,4,2,0.08333337,5.833333,9.333334,0.08333337,4,7.666667,0.08333337,4,8,0.08333337,4.333333,8,0.08333337,5.833333,7.666667,0.08333337,6.166667,9.333334,0.08333337,6.166667,9.333334,0.08333337,6.166667,9.333334,0.08333337,4,8,0.08333337,4.333333,8,0.08333337,5.833333,0.6666667,0.08333337,8,2,0.08333337,8,1.666667,0.08333337,7.666667,1.666667,0.08333337,6.166667,2,0.08333337,5.833333,0.6666667,0.08333337,5.833333,0.6666667,0.08333337,8,1.666667,0.08333337,7.666667,1.666667,0.08333337,6.166667,0.6666667,0.08333337,5.833333,3.833333,0.08333337,6.166667,6.166667,0.08333337,6.166667,5.833333,0.08333337,5.833333,3.5,0.08333337,5.833333,9.333334,0.08333337,8,9.333334,0.08333337,6.166667,7.666667,0.08333337,6.166667,6.166667,0.08333337,6.166667,3.833333,0.08333337,6.166667,3.833333,0.08333337,7.666667,6.166667,0.08333337,6.166667,3.833333,0.08333337,7.666667,3.5,0.08333337,8,9.333334,0.08333337,8,7.666667,0.08333337,6.166667,2,0.08333337,8,0.6666667,0.08333337,8,0.6666667,0.08333337,9.333334,3.5,0.08333337,8,2,0.08333337,8,0.6666667,0.08333337,9.333334,3.5,0.08333337,8,0.6666667,0.08333337,9.333334,9.333334,0.08333337,9.333334,9.333334,0.08333337,8],"vertexNormalIndices":[0,1,2,-1,0,2,3,-1,4,5,6,-1,4,6,7,-1,8,9,10,-1,11,12,13,-1,14,15,16,-1,14,16,17,-1,18,19,20,-1,18,20,21,-1,22,23,24,-1,25,26,27,-1,28,29,30,-1,31,32,33,-1,31,33,34,-1,31,34,35,-1,36,37,38,-1,39,40,41,-1,42,43,44,-1,42,44,45,-1,46,47,48,-1,49,50,51,-1,52,53,54,-1,52,54,55,-1,56,57,58,-1,56,58,59,-1,60,61,62,-1,63,64,65,-1,66,67,68,-1,66,68,69,-1,66,69,70,-1,71,72,73,-1,74,75,76,-1,77,78,79,-1,77,79,80,-1],"vertexUVIndices":[0,1,2,-1,0,2,3,-1,4,5,6,-1,4,6,7,-1,8,9,10,-1,11,12,13,-1,14,15,16,-1,14,16,17,-1,18,19,20,-1,18,20,21,-1,22,23,24,-1,25,26,27,-1,28,29,30,-1,31,32,33,-1,31,33,34,-1,31,34,35,-1,36,37,38,-1,39,40,41,-1,42,43,44,-1,42,44,45,-1,46,47,48,-1,49,50,51,-1,52,53,54,-1,52,54,55,-1,56,57,58,-1,56,58,59,-1,60,61,62,-1,63,64,65,-1,66,67,68,-1,66,68,69,-1,66,69,70,-1,71,72,73,-1,74,75,76,-1,77,78,79,-1,77,79,80,-1],"vertexPositionIndices":[0,1,2,-1,0,2,3,-1,4,5,6,-1,4,6,7,-1,8,9,10,-1,11,12,13,-1,14,15,16,-1,14,16,17,-1,18,19,20,-1,18,20,21,-1,22,23,24,-1,25,26,27,-1,28,29,30,-1,31,32,33,-1,31,33,34,-1,31,34,35,-1,36,37,38,-1,39,40,41,-1,42,43,44,-1,42,44,45,-1,46,47,48,-1,49,50,51,-1,52,53,54,-1,52,54,55,-1,56,57,58,-1,56,58,59,-1,60,61,62,-1,63,64,65,-1,66,67,68,-1,66,68,69,-1,66,69,70,-1,71,72,73,-1,74,75,76,-1,77,78,79,-1,77,79,80,-1]}
